{"sceneTypeControlConfigBlack": {"mobile": [], "qimei": [], "manufacturer": []}, "notchCloudData": [], "sceneTransformAvailable": false, "sceneFuncConfigBlack": {"mobile": [], "qimei": [], "manufacturer": []}, "spaFuncAvailable": false, "gpuApplyFuncAvailable": true, "netLatencyConfigWhite": {"mobile": [], "qimei": [], "manufacturer": []}, "preDownloadConfigBlack": {"mobile": [], "qimei": [], "manufacturer": []}, "lightThreadConfigBlack": {"mobile": [], "qimei": [], "manufacturer": []}, "uniqueIdReportAvailable": false, "APMKeys": {"position": []}, "funcConfigWhite": {"mobile": [], "qimei": [], "manufacturer": []}, "spaReportConfigWhite": {"mobile": ["ZS660KL"], "qimei": ["ALL"], "manufacturer": ["ALL"]}, "deviceCheckConfigWhite": {"mobile": [], "qimei": [], "manufacturer": []}, "transceiverCallbackAvailable": false, "reportAvailable": false, "versionReportAvailable": false, "callbackFuncConfigBlack": {"mobile": [], "qimei": [], "manufacturer": []}, "deviceInfoReportBlack": {"mobile": [], "qimei": [], "manufacturer": []}, "transceiverAvailable": false, "optFuncConfigWhite": {"mobile": [], "qimei": [], "manufacturer": []}, "limitKey": {}, "cpuApplyFuncAvailable": true, "transceiverCallbackConfigWhite": {"mobile": [], "qimei": [], "manufacturer": []}, "reportConfigBlack": {"mobile": [], "qimei": [], "manufacturer": []}, "notchProbeConfigWhite": {"mobile": [], "qimei": [], "manufacturer": []}, "preDownloadConfigWhite": {"mobile": [], "qimei": [], "manufacturer": []}, "threadFuncAvailable": true, "slice5GAvailable": true, "sceneLevel": {}, "userCountConfigBlack": {"mobile": [], "qimei": [], "manufacturer": []}, "slice5GConfigBlack": {"mobile": [], "qimei": [], "manufacturer": []}, "threadFuncConfigBlack": {"mobile": ["ZS660KL"], "qimei": [], "manufacturer": []}, "notchProbeAvailable": false, "spaFuncConfigBlack": {"mobile": [], "qimei": [], "manufacturer": []}, "preDownloadAvailable": false, "fpsFuncConfigBlack": {"mobile": [], "qimei": [], "manufacturer": []}, "sceneFuncConfigWhite": {"mobile": [], "qimei": [], "manufacturer": []}, "deviceCheckConfigBlack": {"mobile": [], "qimei": [], "manufacturer": []}, "gpuApplyConfigWhite": {"mobile": [], "qimei": [], "manufacturer": []}, "transceiverConfigWhite": {"mobile": [], "qimei": [], "manufacturer": []}, "transToManufacture": [], "fpsFuncAvailable": true, "sceneFuncAvailable": true, "sceneTypeControl": {}, "netLatencyFuncAvailable": true, "deviceCheckFuncAvailable": false, "funcConfigBlack": {"mobile": ["ZS660KL"], "qimei": [], "manufacturer": []}, "versionPropertyConfig": {"samsung": {"rom": "ro.build.version.sep"}, "default": {"rom": "ro.build.version.release", "software": "ro.build.display.id"}, "xiaomi": {"rom": "ro.build.version.incremental"}, "vivo": {"rom": "ro.vivo.os.build.display.id", "software": "ro.vivo.product.version"}, "huawei": {"rom": "ro.build.version.emui"}, "oneplus": {"rom": "ro.rom.version"}, "oppo": {"rom": "ro.build.version.opporom"}}, "funcAvailable": true, "spaReportAvailable": false, "deviceInfoReportAvailable": false, "apmKeys": [], "uniqueIdReportConfigWhite": {"mobile": [], "qimei": [], "manufacturer": []}, "safeUniqueIdReportAvailable": false, "optCfgFuncAvailable": false, "userCountFuncAvailable": true, "deviceInfoReportWhite": {"mobile": [], "qimei": [], "manufacturer": []}, "transToBeacon": [], "safeUniqueIdReportConfigBlack": {"mobile": [], "qimei": [], "manufacturer": []}, "callbackFuncAvailable": false, "lightThreadConfigWhite": {"mobile": [], "qimei": [], "manufacturer": []}, "transceiverCallbackConfigBlack": {"mobile": [], "qimei": [], "manufacturer": []}, "netLatencyConfigBlack": {"mobile": [], "qimei": [], "manufacturer": []}, "uniqueIdReportConfigBlack": {"mobile": [], "qimei": [], "manufacturer": []}, "cpuApplyConfigWhite": {"mobile": [], "qimei": [], "manufacturer": []}, "callbackFuncConfigWhite": {"mobile": [], "qimei": [], "manufacturer": []}, "sceneTransform": {}, "spaFuncConfigWhite": {"mobile": ["ZS660KL"], "qimei": ["ALL"], "manufacturer": ["ALL"]}, "gpuApplyConfigBlack": {"mobile": [], "qimei": [], "manufacturer": []}, "gdpToolConfigBlack": {"mobile": [], "qimei": [], "manufacturer": []}, "lightThreadFuncAvailable": true, "gdpToolConfigWhite": {"mobile": [], "qimei": [], "manufacturer": []}, "notchConfigBlack": {"mobile": [], "qimei": [], "manufacturer": []}, "spaReportConfigBlack": {"mobile": [], "qimei": [], "manufacturer": []}, "safeUniqueIdReportConfigWhite": {"mobile": ["ZS660KL"], "qimei": ["ALL"], "manufacturer": ["ALL"]}, "userCountConfigWhite": {"mobile": [], "qimei": [], "manufacturer": []}, "reportConfigWhite": {"mobile": [], "qimei": [], "manufacturer": []}, "sceneTransformConfigWhite": {"mobile": [], "qimei": [], "manufacturer": []}, "versionReportConfigBlack": {"mobile": [], "qimei": [], "manufacturer": []}, "optFuncConfigBlack": {"mobile": [], "qimei": [], "manufacturer": []}, "notchProbeConfigBlack": {"mobile": [], "qimei": [], "manufacturer": []}, "gdpToolAvailable": false, "versionReportConfigWhite": {"mobile": [], "qimei": [], "manufacturer": []}, "sceneTypeControlAvailable": false, "sceneTransformConfigBlack": {"mobile": [], "qimei": [], "manufacturer": []}, "threadFuncConfigWhite": {"mobile": [], "qimei": [], "manufk": {"mobile": [], "qimei": [], "manufacturer": []}, "fpsFuncConfigWhite": {"mobile": [], "qimei": [], "manufacturer": []}, "sceneTypeControlConfigWhite": {"mobile": [], "qimei": [], "manufacturer": []}}